id,external_id
1343,18901
1351,16158
1358,13479
1362,17187
1363,16801
1370,15870
1374,12754
1379,18178
1385,7023
1390,16082
1393,15385
1394,10784
1402,18603
1409,14397
1411,14002
1414,17313
1418,7665
1422,18354
1425,18320
1426,12395
1433,9545
1434,17658
1438,18971
1442,16444
1445,17154
1446,4208
1449,17927
1451,15363
1453,15721
1454,17637
1457,12972
1461,13843
1462,15067
1463,13959
1465,14676
1467,16800
1470,18979
1471,17901
1475,17236
1479,17047
1483,17858
1485,17829
1489,13965
1490,14701
1491,19723
1493,17364
1498,18401
1499,10938
1503,12549
1506,17449
1510,19159
1513,15726
1514,16272
1517,19160
1519,18742
1523,15869
1527,15788
1531,16083
1533,9546
1535,18337
1537,16528
1541,7743
1543,17656
1546,18049
1549,17009
1553,16727
1557,16394
1559,12217
1561,8038
1562,17439
1563,17751
1566,18517
1567,17657
1569,17780
1571,15955
1574,17370
1578,784
1579,13687
1581,13830
1582,12215
1586,11957
1587,785
1591,17846
1594,17878
1597,15293
1598,19373
1602,17931
1603,15260
1607,18834
1611,14378
1613,14980
1615,15114
1619,13688
1621,14149
1622,7025
1626,17377
1629,18050
1631,18632
1633,15956
1635,9926
1637,18515
1638,18646
1642,18857
1643,9228
1646,17935
1650,7084
1651,12134
1654,11678
1658,17139
1661,6369
1663,14135
1667,19022
1669,18977
1671,16602
1674,18367
1675,18657
1679,16595
1682,12478
1686,16282
1687,8092
1690,14875
1694,17422
1695,12216
1698,8597
1699,14594
1701,13695
1702,14394
1703,14262
1706,7943
1707,17703
1711,18394
1715,6390
1719,7400
1723,18518
1725,10458
1726,13721
1730,17792
1734,14376
1737,18516
1738,14008
1739,14736
1743,18366
1745,18125
1746,15486
1749,8327
1750,17597
1754,10792
1755,17357
1758,19209
1762,10864
1766,3496
1767,16235
1770,18900
1771,11480
1773,13110
1774,15871
1775,11279
1779,19593
1782,12210
1783,17357
1786,6389
1789,15154
1793,13470
1795,13676
1797,18353
1798,17319
1799,13370
1803,17168
1806,3624
1807,16412
1810,2625
1811,12696
1815,17450
1817,13975
1818,15531
1822,11131
1826,17238
1830,15667
1831,14399
1834,17859
1838,15362
1842,19547
1846,15886
1850,11310
1851,18912
1854,18913
1858,19482
1862,16603
1866,12723
1870,16453
1871,17120
1874,13468
1878,13842
1881,9993
1882,16421
1886,17137
1887,17119
1890,12724
1894,17042
1898,16049
1902,17156
1906,12955
1907,13467
1910,16047
1911,7887
1914,17186
1918,16712
1922,13480
1926,15091
1930,18326
1934,17414
1938,9550
1942,19430
1946,4209
1950,17146
1951,13136
1953,16134
1954,18716
1957,19167
1958,8696
1959,18030
1961,18562
1962,17839
1966,17996
1970,19673
1974,16713
1978,16232
1982,13960
1986,16233
1990,14877
1994,18218
1998,16529
2002,10279
2003,16308
2006,18558
2010,17105
2014,18215
2018,17941
2022,18216
2026,16277
2030,13469
2034,15069
2038,18732
2042,18987
2046,15483
2050,18954
2054,17199
2055,16716
2058,17012
2062,18563
2066,15765
2070,17755
2071,14060
2073,7267
2077,13588
2078,15512
2081,15484
2082,12211
2086,15484
2090,18989
2094,6391
2098,18376
2102,13720
2106,18957
2107,16360
2110,16437
2114,17529
2118,6847
2122,18486
2126,17014
2129,14651
2130,4279
2134,18442
2135,17136
2138,11275
2139,18158
2141,16427
2143,19251
2146,11438
2149,9903
2150,14151
2153,18217
2154,16390
2158,17008
2162,16738
2166,18956
2170,17045
2174,18520
2178,19329
2182,18519
2186,17837
2190,19327
2194,13058
2198,17065
2199,18844
2202,17067
2206,17094
2210,18039
2211,17235
2213,7269
2214,18916
2217,18659
2218,16763
2222,16434
2226,19592
2230,18446
2234,10121
2238,16389
2242,2731
2246,17608
2247,9905
2250,5477
2251,14379
2254,2537
2255,11273
2258,7270
2262,18040
2265,15053
2266,9398
2267,15155
2269,7268
2270,17305
2273,16703
2274,12136
2277,1608
2278,15123
2279,19594
2281,1607
2282,17358
2286,13485
2289,13484
2290,18994
2293,13740
2294,16766
2297,17559
2298,18988
2299,18133
2301,18179
2303,16574
2305,19432
2307,16760
2309,13646
2310,16328
2311,9415
2314,17528
2318,11677
2322,13817
2326,16531
2329,6143
2330,16214
2334,17237
2335,8509
2338,18088
2341,18946
2342,17607
2343,18379
2346,17643
2350,8507
2354,17958
2357,18894
2358,16507
2361,19376
2362,19411
2366,11317
2370,14662
2374,17097
2377,18377
2378,13482
2379,19608
2382,16508
2386,8616
2390,16220
2394,13590
2398,9872
2402,18017
2406,14983
2410,18045
2414,14882
2415,17010
2418,2732
2419,18028
2422,16575
2423,18021
2426,17318
2430,17312
2434,13109
2438,18019
2442,18044
2446,16970
2447,13719
2450,16532
2454,17314
2458,18020
2462,15511
2466,19207
2467,15203
2470,15135
2474,15686
2478,12229
2482,18978
2486,14652
2490,14811
2494,18042
2498,14965
2502,12227
2506,15146
2510,16423
2514,18984
2518,18047
2522,16835
2526,16236
2527,18866
2530,18343
2534,16834
2535,16422
2538,16605
2542,17500
2546,16219
2550,18138
2554,18305
2558,18137
2562,16180
2566,15206
2570,15294
2574,9855
2578,10848
2579,9858
2582,13219
2586,13221
2590,18089
2594,19617
2598,18773
2602,17203
2606,7747
2610,9669
2614,16762
2618,16686
2622,17381
2626,17383
2630,17384
2634,17385
2638,19375
2642,1610
2646,1612
2650,10849
2654,16399
2658,14377
2662,3310
2666,14592
2670,15513
2674,18029
2678,18965
2679,16533
2683,13504
2687,17096
2690,16669
2694,13503
2695,18417
2699,17993
2702,18043
2706,18966
2710,16671
2714,17248
2715,16446
2718,18046
2722,18972
2726,17992
2729,16544
2733,16448
2734,18973
2735,19579
2738,16451
2742,18508
2746,18336
2750,16570
2751,11522
2753,13696
2757,17945
2758,10399
2762,12152
2766,17173
2767,12199
2771,6062
2773,8169
2775,6063
2779,18960
2782,17155
2786,13131
2787,14339
2790,16880
2794,8239
2798,18335
2799,2108
2801,9467
2802,16572
2805,18507
2807,15144
2809,18975
2810,10768
2814,12133
2818,12471
2822,19578
2823,17249
2826,16665
2830,16670
2831,18809
2834,19169
2838,18626
2842,13036
2846,19433
2849,19187
2851,6714
2854,17048
2858,2109
2859,18993
2861,18542
2862,16666
2863,19442
2867,9457
2871,19168
2875,16026
2878,15068
2879,16327
2882,13848
2883,15124
2886,16419
2887,13505
2890,13105
2891,6812
2895,15588
2897,5290
2898,15585
2901,16667
2903,3526
2906,13798
2911,17671
2915,6713
2918,2536
2919,17133
2922,19626
2923,19511
2927,16435
2930,16573
2933,16610
2935,19186
2939,6913
2942,18177
2943,17639
2945,16403
2946,18447
2950,17942
2953,17887
2957,17560
2958,19215
2959,19655
2963,16452
2967,18468
2971,9904
2974,6914
2975,6915
2977,18947
2979,17669
2982,12621
2986,16540
2990,18617
2994,17907
2998,18506
3002,7670
3003,12154
3006,12386
3009,9923
3013,16892
3017,12400
3018,3499
3019,17789
3023,3468
3026,7026
3029,17518
3033,17889
3035,16786
3038,7377
3039,12700
3042,17033
3046,17890
3050,18728
3053,15964
3054,13526
3058,14535
3059,11489
3063,18211
3067,16179
3070,14861
3074,11274
3078,17868
3079,15261
3082,10235
3085,18531
3086,9549
3089,18529
3090,18090
3093,15963
3094,12261
3095,7807
3097,14720
3098,18530
3099,17869
3103,12767
3105,17490
3106,14473
3109,9238
3113,18250
3115,15949
3119,19479
3122,9871
3123,17561
3126,11571
3127,10847
3129,10122
3130,16223
3134,16737
3137,17300
3139,18549
3142,14862
3143,16104
3146,16103
3149,9668
3150,11567
3153,1606
3157,13356
3158,1609
3159,17373
3161,16222
3162,6392
3166,17489
3169,19224
3170,7806
3174,10767
3175,13616
3178,17301
3182,3311
3185,19377
3189,17870
3190,18642
3193,18525
3194,10205
3197,17334
3198,13486
3199,19228
3201,13483
3203,15601
3205,18876
3207,12507
3210,11323
3214,16353
3215,19431
3218,19477
3219,18302
3222,13585
3226,19225
3230,17299
3234,18509
3237,19319
3238,19374
3241,19645
3242,14982
3243,14228
3245,19646
3246,14229
3249,17302
3250,19320
3251,19044
3255,11546
3257,11545
3258,13106
3262,1611
3263,12135
3267,9230
3271,19317
3275,16761
3277,19043
3278,15589
3281,19318
3282,13487
3286,14807
3290,13488
3291,12328
3295,17995
3299,18974
3302,18976
3305,7746
3306,12506
3309,12137
3310,13730
3314,13218
3318,14806
3319,18380
3323,6954
3326,12508
3327,19110
3330,14653
3331,15262
3334,16679
3335,6145
3337,15539
3338,18734
3341,18126
3345,18735
3346,18127
3349,18733
3353,2733
3354,4788
3357,17420
3359,17179
3361,16481
3363,17946
3366,2810
3367,18041
3370,16974
3373,18418
3374,19058
3378,13346
3379,18229
3383,12622
3387,16530
3391,17240
3394,13456
3398,17638
3399,18911
3401,9223
3403,17670
3407,16111
3411,19642
3414,18201
3415,17239
3419,14871
3421,18239
3423,9361
3429,18448
3431,18219
3435,17943
3438,19052
3439,13552
3443,18556
3447,17387
3451,18557
3454,13222
3458,18230
3465,18203
3467,17295
3470,12286
3474,7550
3477,14192
3478,18928
3481,15885
3482,15090
3486,17462
3490,17463
3494,18397
3498,15760
3502,17317
3505,18399
3509,18914
3513,15431
3514,17909
3518,16618
3519,4681
3521,18565
3522,15430
3526,15482
3527,18955
3529,17908
3530,16768
3534,18199
3538,17531
3539,17135
3542,16411
3543,17877
3545,2903
3549,18153
3550,14264
3553,9991
3557,19505
3558,17884
3562,18625
3566,18619
3570,18277
3574,18945
3575,17507
3578,17758
3579,11799
3581,16651
3582,16611
3586,17169
3590,18398
3594,17352
3598,16400
3602,13034
3606,18238
3610,9866
3611,16092
3614,19714
3617,19548
3621,17759
3622,18897
3625,19177
3629,19328
3630,15141
3633,16819
3634,18919
3638,17582
3641,16726
3643,12680
3647,17368
3650,17286
3654,17532
3658,18481
3661,13548
3665,17772
3666,16449
3669,19712
3671,15858
3674,13103
3675,16930
3678,13104
3682,5258
3686,13385
3690,15862
3693,12433
3697,17270
3698,17327
3699,16458
3702,12925
3703,13537
3706,13115
3709,17269
3711,16931
3714,17221
3718,16932
3719,17291
3723,15856
3725,17330
3726,19466
3730,19464
3734,19467
3738,17077
3741,17290
3742,17440
3745,17222
3749,15857
3750,19465
3754,19468
3755,17292
3759,13579
3763,13536
3766,13577
3767,12055
3771,15861
3775,12881
3778,16918
3782,15266
3783,12534
3787,17325
3791,17224
3795,16927
3798,17223
3799,14028
3801,17108
3802,18664
3806,15665
3810,14005
3813,17115
3818,14253
3822,17324
3823,17468
3826,17328
3827,17113
3830,17265
3834,18024
3835,19498
3838,16251
3839,17015
3842,11564
3846,17494
3850,18550
3851,18441
3853,19037
3855,17329
3858,14858
3861,17485
3862,13114
3866,13132
3870,13127
3874,17467
3877,13140
3879,17266
3883,13133
3887,17442
3891,17043
3895,13128
3898,17267
3902,17700
3906,16287
3907,13137
3910,13948
3913,16027
3917,14472
3921,18889
3923,11345
3927,5257
3930,18798
3934,18248
3938,18251
3942,19499
3946,13700
3950,17571
3951,17573
3954,13465
3957,13572
3961,13466
3963,18532
3966,18533
3969,18534
3970,13596
3974,14985
3978,13039
3982,13037
3986,18294
3990,18299
3991,13038
3995,13040
3998,15488
3999,16959
4003,18874
4005,15811
4009,15500
4010,17140
4014,15264
4017,6575
4019,7378
4023,15962
4026,6576
4029,15662
4030,13265
4034,15413
4035,15664
4038,10765
4042,15953
4046,19537
4050,19470
4054,18212
4058,7803
4061,14864
4065,7877
4069,17335
4071,14823
4075,10764
4078,7802
4082,15700
4083,14343
4086,15376
4087,15381
4090,19637
4091,19500
4093,15666
4094,14217
4095,15663
4099,11889
4102,15447
4105,18130
4107,10766
4110,17125
4111,15448
4115,17294
4117,18208
4118,17110
4121,15064
4122,18464
4123,19055
4125,17074
4127,17805
4130,11346
4131,17078
4134,17874
4135,11084
4139,15957
4141,15424
4142,15660
4143,17699
4146,17482
4150,16052
4154,17873
4155,10770
4158,10836
4159,12926
4161,9547
4165,16457
4169,17406
4170,17745
4171,12431
4175,9547
4178,15860
4179,15859
4182,18463
4183,18463
4186,13911
4189,19057
4193,13457
4197,16919
4201,14855
4202,13739
4206,15958
4207,16917
4211,13275
4214,17218
4218,13273
4222,6886
4223,17710
4227,17268
4231,16518
4234,13274
4237,15959
4241,16924
4242,15961
4246,12884
4250,13619
4254,15950
4255,17304
4258,6578
4262,15960
4263,17493
4266,17917
4270,17917
4274,19607
4278,16957
4282,16957
4285,17303
4289,16921
4291,16920
4295,12876
4297,16920
4299,12875
4302,15952
4303,16881
4306,13621
4307,13702
4310,16882
4311,10491
4314,16883
4318,13702
4322,15378
4326,15386
4327,13620
4329,10133
4333,16922
4337,18980
4341,18567
4342,19595
4346,18374
4347,18374
4350,15600
4354,17016
4358,9235
4359,17006
4361,18940
4366,16785
4367,18767
4370,17086
4374,19670
4378,18884
4382,12964
4385,14860
4389,17508
4390,17525
4391,17527
4394,17288
4395,19669
4398,17219
4402,19665
4406,18764
4410,17470
4418,12676
4422,19084
4426,14859
4429,14157
4430,16553
4434,19667
4438,19668
4442,15648
4446,17118
4447,17939
4451,17506
4454,18410
4457,12904
4458,18409
4459,18406
4463,12894
4466,423
4467,1229
4470,8736
4474,17369
4478,8712
4482,17526
4486,12883
4490,19414
4494,13913
4498,19262
4499,17287
4503,19713
4506,17123
4507,16725
4510,11887
4514,11888
4515,15425
4517,17007
4518,17005
4522,19553
4526,19552
4530,13578
4534,19623
4535,19621
4538,19624
4539,19622
4542,17333
4545,18768
4546,10874
4547,18569
4550,15499
4551,18544
4553,18296
4555,18297
4557,13699
4561,19497
4563,18666
4567,14027
4570,14995
4571,14994
4575,16254
4579,19036
4582,16997
4583,17001
4586,12260
4587,15379
4591,14822
4595,15199
4599,19501
4603,13573
4605,18298
4607,18880
4609,18252
4610,15654
4611,17326
4615,17891
4619,19575
4623,19195
4625,12263
4626,15187
4630,18124
4631,15189
4634,10769
4637,17027
4638,7878
4639,19090
4642,16923
4643,19085
4646,17499
4650,15515
4654,16319
4655,17124
4658,16286
4662,19054
4663,18129
4666,13361
4670,19554
4674,19523
4678,16591
4682,17744
4683,16607
4686,14161
4689,13754
4690,17371
4693,17114
4694,19302
4698,18119
4701,14221
4702,14162
4706,18119
4710,19550
4711,15461
4713,19728
4714,18117
4718,13359
4719,13358
4721,16407
4723,18112
4726,13357
4730,18263
4731,15655
4733,18113
4734,10872
4735,18676
4737,19056
4739,18568
4743,15656
4746,18118
4747,16010
4750,12868
4751,12867
4753,18118
4755,18264
4757,12054
4759,13178
4763,18116
4766,18116
4767,18116
4769,17707
4771,18115
4775,17708
4779,18120
4782,17706
4786,12893
4789,19121
4790,12895
4791,18667
4795,13360
4798,18114
4799,18668
4802,18662
4803,18114
4806,18114
4810,18663
4814,14160
4818,18114
4821,18663
4822,16994
4825,16608
4826,14275
4827,17197
4830,17628
4831,17195
4834,13362
4838,13360
4842,17629
4843,13363
4845,17630
4847,16608
4851,17577
4853,17196
4854,14999
4855,17095
4858,15001
4859,15657
4862,13035
4866,15002
4870,13035
4873,13035
4874,15000
4877,17171
4878,17170
4881,14996
4882,19120
4883,13033
4886,13032
4887,17336
4890,16815
4894,17337
4898,17337
4902,17293
4903,17293
4910,17076
4915,18120
4918,14563
4919,14564
4922,14565
4926,15286
4930,15285
4934,15287
4938,19766
4941,19109
4942,19111
4946,18582
4950,18197
4953,18198
4954,14516
4958,14515
4962,19606
4963,16912
4967,19572
4970,16030
4974,16031
4978,14869
4982,14713
4986,14870
4990,15965
4994,17516
4998,17513
4999,17515
5002,17517
5006,17514
5007,18209
5010,15140
5014,17403
5015,17058
5019,14997
5023,5256
5026,18528
5030,14159
5031,14158
5034,15396
5038,15396
5042,13533
5046,13532
5047,17111
5049,17441
5051,13998
5053,19458
5055,18645
5058,14992
5059,19259
5063,18318
5066,17754
5070,14874
5074,19525
5077,17289
5078,14215
5081,16285
5082,14876
5085,18765
5086,14009
5089,16979
5090,18887
5094,12903
5098,18063
5102,19105
5103,18647
5106,17044
5109,17487
5110,17215
5111,17138
5113,12675
5114,17950
5117,17948
5119,13583
5121,13708
5122,13276
5123,17601
5126,17598
5130,18453
5134,16519
5138,14009
5142,16497
5146,12699
5150,14462
5151,14464
5153,14471
5154,17558
5157,17348
5158,14474
5159,16253
5162,18741
5163,15673
5166,18736
5170,18316
5171,18312
5174,18740
5178,15763
5182,18737
5183,17217
5186,18633
5187,14883
5190,18992
5191,15658
5195,15659
5199,15649
5203,18027
5207,16191
5209,17220
5210,17666
5214,17668
5215,19581
5217,17576
5219,17953
5221,17134
5222,17875
5223,17610
5225,16963
5229,14108
5231,13597
5234,18301
5238,18295
5239,18574
5243,15566
5247,19407
5250,13732
5254,12495
5258,13130
5259,13138
5262,13135
5266,13129
5267,13139
5270,17502
5274,15196
5277,15194
5278,15197
5281,15186
5282,15198
5286,13134
5290,18266
5291,15249
5294,15255
5297,15248
5301,18751
5305,16587
5306,16583
5309,14274
5310,17522
5314,15010
5315,15008
5318,18210
5319,15011
5323,18403
5325,18403
5327,18403
5331,15337
5334,8322
5338,8322
5341,8322
5345,17264
5346,14599
5347,14243
5349,18360
5351,18360
5354,17469
5355,17466
5357,18372
5361,15652
5362,422
5366,13593
5369,14911
5370,13952
5374,13955
5378,13204
5379,16439
5383,13205
5386,12380
5390,11645
5391,16438
5394,17566
5398,16441
5402,17562
5405,17565
5409,17564
5411,17564
5415,14814
5418,14813
5421,14814
5423,14813
5427,16200
5430,16200
5433,18257
5434,12381
5438,16200
5442,17686
5445,19701
5449,11184
5450,11184
5453,16248
5454,16248
5458,11184
5462,16200
5466,11184
5467,15914
5469,17131
5473,19370
5477,18673
5481,14201
5483,19256
5486,19743
5489,16980
5490,16408
5494,13320
5497,18006
5501,13321
5502,14715
5503,16351
5507,17028
5509,18559
5510,19653
5511,18235
5513,17029
5515,19636
5518,18560
5521,19635
5525,19631
5526,19301
5527,19366
5530,18254
5531,19632
5533,18105
5535,19300
5539,19634
5541,16683
5543,19355
5547,16842
5550,18669
5551,19731
5553,19633
5554,17017
5557,16680
5558,19620
5559,6729
5562,19299
5566,17004
5570,16215
5574,10134
5578,6730
5582,14220
5586,18571
5589,18107
5593,14217
5595,19059
5599,15443
5603,14218
5605,19240
5606,17461
5609,14222
5610,12377
5611,6887
5615,14521
5619,17625
5621,18139
5623,14518
5625,18163
5626,14825
5630,14520
5631,19729
5633,14522
5634,18166
5635,19730
5639,15951
5643,14519
5647,15954
5649,17910
5650,19003
5653,15599
5654,17913
5658,14753
5659,12953
5661,14263
5665,12950
5666,19574
5670,12951
5674,10492
5677,10492
5679,17719
5682,17720
5683,18091
5685,14868
5687,14714
5689,19305
5690,16616
5694,17580
5698,17580
5703,17580
5707,17580
5710,18555
5714,18552
5715,16050
5717,13587
5718,18332
5721,18332
5722,18332
5725,16993
5726,16993
5729,16993
5730,16993
5733,16993
5734,16993
5738,16993
5739,16993
5742,18762
5746,18762
5747,18762
5750,13615
5754,18325
5755,18743
5757,18749
5759,17627
5762,10937
5763,10936
5770,10948
5771,10949
5774,19610
5778,9224
5779,11143
5782,16925
5786,9552
5790,19029
5794,9455
5798,13267
5802,17980
5806,10429
5810,14988
5814,16926
5818,10428
5822,19529
5826,19533
5827,15817
5830,15816
5831,14721
5834,18639
5838,11083
5842,17604
5846,18771
5850,19227
5851,16176
5853,16598
5854,19311
5858,18491
5862,18487
5866,18494
5870,17075
5874,16521
5878,14212
5882,18939
5886,13371
5890,14505
5893,19257
5894,19255
5895,19254
5898,19258
5902,16362
5903,16361
5907,16410
5910,16409
5911,16487
5913,12798
5914,17019
5918,17018
5922,18256
5923,18522
5926,18524
5930,18523
5934,18521
5935,17013
5937,17011
5938,17068
5942,17895
5946,17894
5947,18311
5951,17579
5953,17578
5957,17581
5958,15516
5959,18334
5962,18333
5963,18331
5966,15295
5967,18051
5970,18053
5973,18052
5975,17025
5978,17024
5979,18859
5982,18860
5983,18861
5987,18858
5991,11439
5994,6956
5995,18759
5998,17386
5999,18990
6003,17893
6007,16981
6011,16739
6014,17892
6017,18064
6019,16216
6021,18065
6025,18062
6029,18307
6033,18308
6034,18306
6037,18018
6038,17372
6041,18016
6045,13710
6047,19618
6049,13709
6050,8508
6054,8510
6055,8506
6058,8511
6062,19619
6066,15136
6067,15137
6069,12874
6071,13323
6074,18041
6077,14506
6078,15547
6081,15545
6082,18014
6085,15549
6086,15544
6090,15548
6091,15546
6095,18561
6099,11324
6103,8615
6106,15824
6110,15828
6111,15826
6113,15829
6117,11447
6119,11445
6122,11446
6126,17347
6130,17349
6131,12230
6134,15454
6135,12228
6143,12228
6146,15889
6150,15888
6154,15890
6158,17569
6161,17568
6162,11320
6166,17064
6169,13589
6170,15827
6171,16971
6175,15822
6178,15825
6179,19413
6182,15823
6186,15821
6187,18092
6190,19412
6191,18087
6194,18262
6195,17438
6198,18260
6202,16687
6205,16685
6207,14150
6211,18140
6213,18136
6217,18168
6218,12948
6219,12947
6223,12946
6227,12949
6229,12952
6230,11348
6231,11349
6235,18548
6239,17030
6241,13550
6242,18261
6246,12697
6249,18482
6250,18484
6251,18483
6254,18485
6257,14737
6259,19625
6261,18986
6263,18985
6267,18538
6270,18537
6273,6144
6275,19124
6279,16455
6283,16456
6286,16454
6287,12230
6291,18262
6298,18419
6299,2734
6301,17501
6302,14978
6306,14976
6310,14977
6311,18775
6315,18777
6318,18774
6322,18776
6323,14137
6325,14136
6329,15847
6331,18269
6335,18269
6338,18270
6342,18267
6346,18268
6350,14650
6354,15205
6358,15204
6361,15202
6362,18756
6363,18757
6367,16929
6370,16678
6374,14723
6378,14722
6382,16597
6386,16596
6390,17192
6394,13819
6398,13820
6402,13818
6406,16372
6410,16371
6414,13220
6418,14079
6422,14078
6426,16371
6430,17198
6434,18660
6438,18658
6442,17198
6446,7029
6450,18000
6454,17999
6458,14430
6462,14427
6469,17781
6471,5017
6475,5018
6478,5019
6482,5014
6486,5015
6490,5016
6494,10459
6498,8695
6501,8697
6505,9983
6506,9982
6510,9985
6514,9981
6518,9980
6522,9984
6526,7601
6530,7603
6531,7600
6534,7609
6535,7605
6538,7604
6542,7607
6546,7606
6550,7599
6554,7608
6558,7598
6559,7602
6562,12597
6563,12600
6567,12602
6570,12591
6571,12593
6574,12599
6577,12592
6579,12595
6583,19397
6586,19394
6587,12598
6591,19395
6595,19396
6599,5756
6602,7265
6606,5758
6610,7263
6611,7266
6614,5757
6615,7264
6618,4458
6619,12126
6623,4459
6626,12124
6630,19566
6633,17178
6634,19567
6638,19569
6639,19570
6642,19568
6643,9976
6647,12401
6650,12402
6651,6187
6653,9977
6654,6183
6657,6183
6658,6185
6659,6182
6663,2904
6667,9978
6670,2901
6674,2902
6675,7027
6677,7024
6678,7028
6679,9979
6681,13686
6683,13685
6687,8088
6691,8091
6694,8093
6698,8090
6699,14010
6702,10158
6706,10161
6710,10159
6714,10160
6718,11959
6722,11958
6726,15770
6730,15773
6734,15775
6738,15774
6742,15772
6743,15776
6747,3440
6751,3442
6754,3441
6755,2788
6758,2789
6761,2787
6762,18147
6765,18149
6766,18148
6770,4275
6771,4277
6773,4276
6775,17175
6779,17172
6781,6647
6785,6368
6787,6065
6791,6370
6794,6367
6798,6066
6799,6365
6803,6366
6805,6814
6806,6811
6810,6810
6811,6813
6813,14216
6817,16893
6819,16893
6822,17876
6825,17879
6826,4921
6830,4920
6834,4918
6835,5023
6839,5028
6843,5025
6845,5027
6849,5024
6853,4248
6855,4246
6858,4247
6862,17174
6865,18477
6869,18476
6870,18479
6873,13800
6874,13799
6877,18340
6878,18338
6879,18339
6882,17851
6886,15210
6890,15212
6894,15211
6898,15213
6901,4263
6902,4264
6906,4262
6907,8167
6911,8168
6914,7667
6918,7668
6922,7669
6926,7663
6927,7666
6929,7664
6931,7662
6934,3522
6935,3524
6939,3525
6943,2809
6945,17634
6946,17636
6947,17633
6950,17632
6954,2808
6958,2807
6959,2806
6962,2805
6963,2804
6967,14411
6970,14412
6974,16874
6978,16875
6982,16872
6983,14428
6986,14429
6987,11311
6990,10293
6994,10292
6995,10202
6999,4262
7003,10204
7006,4266
7007,10208
7009,4267
7010,10203
7011,10206
7014,4265
7018,10209
7021,19507
7023,4265
7027,19502
7030,13095
7034,19503
7037,19510
7038,13096
7042,19509
7046,17863
7049,19504
7050,17860
7053,19506
7054,14979
7055,19508
7059,7229
7061,16879
7062,6646
7066,16878
7067,11580
7071,11579
7074,11578
7075,11581
7079,17425
7082,17426
7083,17423
7085,17424
7086,17419
7087,17421
7089,16953
7091,16962
7093,16966
7094,16960
7095,16961
7097,16965
7099,16964
7102,16954
7105,18056
7107,18601
7110,18602
7114,18600
7118,17793
7122,17790
7126,17794
7130,17791
7134,16878
7138,8033
7142,8953
7143,8687
7146,8688
7150,17932
7153,4867
7157,4871
7158,17934
7162,17149
7163,17930
7166,17933
7170,6885
7173,10940
7175,10939
7178,7934
7182,18352
7186,7936
7190,7935
7191,18356
7194,12198
7198,18355
7199,12201
7202,6731
7206,17781
7207,5017
7209,6732
7210,5018
7214,5171
7218,9660
7219,5170
7222,5173
7225,15936
7227,15934
7230,15935
7231,18242
7234,15932
7238,15933
7239,15931
7243,5015
7246,5016
7250,10459
7253,8036
7254,8695
7257,8035
7259,8037
7263,8697
7266,16601
7270,16604
7274,9983
7278,9982
7282,12753
7285,9985
7286,9981
7290,9980
7294,9984
7295,12753
7299,7601
7301,12752
7305,12751
7306,7603
7309,12750
7310,12749
7311,7600
7314,16174
7317,12236
7318,7609
7322,12235
7326,7605
7330,7604
7331,7607
7334,7606
7338,7599
7342,7608
7346,7598
7347,7602
7351,11956
7355,14974
7359,3497
7362,3498
7365,17845
7366,17843
7367,19312
7371,19316
7375,19314
7378,19313
7379,12550
7382,12548
7386,8526
7390,13753
7391,13751
7394,13752
7398,14579
7402,14580
7406,12365
7407,12367
7411,17929
7414,17925
7415,17924
7418,17926
7421,12000
7423,11999
7426,11998
7427,12390
7431,12392
7435,12391
7438,12393
7439,11529
7442,7886
7446,7885
7450,5715
7454,5719
7458,5717
7459,5714
7462,11749
7465,7938
7466,11746
7467,7882
7470,7883
7474,7942
7475,7940
7478,11748
7479,7939
7482,6460
7486,6461
7490,6462
7494,17416
7498,17415
7502,7165
7506,7167
7510,12483
7514,18242
7515,12481
7518,12482
7522,18243
7526,9456
7527,12171
7531,10554
7533,10553
7535,10552
7539,10550
7541,12172
7543,10551
7545,10549
7547,12173
7551,12203
7554,12204
7558,8691
7559,9469
7561,8694
7562,9479
7563,9470
7566,9471
7569,9475
7570,9466
7571,9473
7574,9472
7578,9474
7579,9477
7582,9478
7586,9468
7587,3467
7591,11529
7595,13849
7598,12143
7602,12197
7606,18905
7607,18902
7611,18903
7614,18904
7617,9925
7619,16014
7623,4270
7627,16012
7631,12379
7634,12384
7638,12382
7642,12378
7643,12383
7647,9994
7651,9994
7655,9992
7658,4270
7662,4268
7666,4508
7670,4510
7673,4509
7677,11521
7679,11519
7681,11520
7685,12460
7686,12459
7689,12461
7690,12458
7693,2749
7695,2751
7699,2753
7701,2752
7703,2755
7707,2756
7709,2754
7711,2750
7714,10398
7718,10400
7719,16482
7722,16484
7723,16483
7726,16983
7729,16982
7731,8031
7734,4210
7735,17944
7737,11429
7739,11428
7741,11430
7742,11427
7746,3401
7749,12234
7753,3401
7757,3402
7758,14061
7759,12387
7761,11106
7762,11105
7763,9617
7765,11104
7769,12148
7770,9616
7774,12153
7775,12147
7778,12446
7781,12150
7782,12149
7786,12496
7787,12494
7790,18151
7791,18150
7793,12445
7794,18152
7798,14818
7802,19654
7806,14816
7810,14815
7814,14817
7818,11214
7822,19652
7825,11213
7827,7594
7829,11215
7830,12158
7834,12156
7835,7593
7839,12157
7842,7592
7843,6617
7847,6615
7850,16512
7851,16513
7854,7402
7858,7399
7862,7401
7866,11530
7870,11529
7874,11528
7878,13694
7882,13690
7883,13693
7886,13689
7889,13691
7890,13692
7891,17473
7894,17472
7898,12243
7902,12241
7906,12242
7910,9659
7911,9660
7914,4868
8091,20152
8099,20330
8103,20441
8187,20305
8235,20329
8241,20440
8270,20320
8271,20443
8273,20157
8275,21097
8279,20893
8283,20642
8291,21535
8293,19026
8295,21169
8301,20026
8303,20045
8307,13576
8311,19591
8315,16848
8327,7742
8371,21289
8375,21336
8378,21454
8379,21271
8386,21385
8387,21549
8399,21267
8402,21607
8405,21564
8406,16105
8487,16538
8503,16564
8582,15771
